{"time": 1760052972.173979, "p95": 0.01368221000302583}