{"time": 1760093773.305047, "p95": 0.017694820009637624}